Run,Sample,Layout
SRR1553416,EM095B,PE
SRR1553417,EM095,PE
SRR1553418,EM096,PE
SRR1553419,EM096,PE
SRR1553420,EM098,PE
SRR1553421,EM104,PE
SRR1553422,EM104,PE
SRR1553423,EM106,PE
SRR1553424,EM106,PE
SRR1553425,EM110,PE
SRR1553426,EM110,PE
SRR1553427,EM111,PE
SRR1553428,EM111,PE
SRR1553429,EM112,PE
SRR1553430,EM112,PE
SRR1553431,EM113,PE
SRR1553432,EM113,PE
SRR1553433,EM115,PE
SRR1553434,EM115,PE
SRR1553435,EM119,PE
SRR1553436,EM119,PE
SRR1553437,EM120,PE
SRR1553438,EM120,PE
SRR1553439,EM121,PE
SRR1553440,EM121,PE
SRR1553441,EM124.1,PE
SRR1553442,EM124.1,PE
SRR1553443,EM124.2,PE
SRR1553444,EM124.2,PE
SRR1553445,EM124.3,PE
SRR1553446,EM124.3,PE
SRR1553447,EM124.4,PE
SRR1553448,EM124.4,PE
SRR1553449,G3670.1,PE
SRR1553450,G3670.1,PE
SRR1553451,G3676.1,PE
SRR1553452,G3676.1,PE
SRR1553453,G3676.2,PE
SRR1553454,G3676.2,PE
SRR1553455,G3677.1,PE
SRR1553456,G3677.1,PE
SRR1553457,G3677.2,PE
SRR1553458,G3677.2,PE
SRR1553459,G3679.1,PE
SRR1553460,G3679.1,PE
SRR1553461,G3680.1,PE
SRR1553462,G3680.1,PE
SRR1553463,G3682.1,PE
SRR1553464,G3682.1,PE
SRR1553465,G3683.1,PE
SRR1553466,G3683.1,PE
SRR1553467,G3686.1,PE
SRR1553468,G3686.1,PE
SRR1553469,G3687.1,PE
SRR1553470,G3687.1,PE
SRR1553471,G3707,PE
SRR1553472,G3707,PE
SRR1553473,G3713.2,PE
SRR1553474,G3713.2,PE
SRR1553475,G3713.3,PE
SRR1553476,G3713.3,PE
SRR1553477,G3713.4,PE
SRR1553478,G3713.4,PE
SRR1553479,G3724,PE
SRR1553480,G3724,PE
SRR1553481,G3729,PE
SRR1553482,G3729,PE
SRR1553483,G3734.1,PE
SRR1553484,G3734.1,PE
SRR1553485,G3735.1,PE
SRR1553486,G3735.1,PE
SRR1553487,G3735.2,PE
SRR1553488,G3735.2,PE
SRR1553489,G3750.1,PE
SRR1553490,G3750.1,PE
SRR1553491,G3750.2,PE
SRR1553492,G3750.2,PE
SRR1553493,G3750.3,PE
SRR1553494,G3750.3,PE
SRR1553495,G3752,PE
SRR1553496,G3752,PE
SRR1553497,G3758,PE
SRR1553498,G3758,PE
SRR1553499,G3764,PE
SRR1553500,G3764,PE
SRR1553501,G3765.2,PE
SRR1553502,G3765.2,PE
SRR1553503,G3769.1,PE
SRR1553504,G3769.1,PE
SRR1553505,G3769.2,PE
SRR1553506,G3769.2,PE
SRR1553507,G3769.3,PE
SRR1553508,G3769.3,PE
SRR1553509,G3769.4,PE
SRR1553510,G3769.4,PE
SRR1553511,G3770.1,PE
SRR1553512,G3770.1,PE
SRR1553513,G3770.2,PE
SRR1553514,G3770.2,PE
SRR1553515,G3771,PE
SRR1553516,G3771,PE
SRR1553517,G3782,PE
SRR1553518,G3782,PE
SRR1553519,G3786,PE
SRR1553520,G3786,PE
SRR1553521,G3787,PE
SRR1553522,G3787,PE
SRR1553523,G3788,PE
SRR1553524,G3788,PE
SRR1553525,G3789.1,PE
SRR1553526,G3789.1,PE
SRR1553527,G3795,PE
SRR1553528,G3795,PE
SRR1553529,G3796,PE
SRR1553530,G3796,PE
SRR1553531,G3798,PE
SRR1553532,G3798,PE
SRR1553533,G3799,PE
SRR1553534,G3799,PE
SRR1553535,G3800,PE
SRR1553536,G3800,PE
SRR1553537,G3805.1,PE
SRR1553538,G3805.1,PE
SRR1553539,G3805.2,PE
SRR1553540,G3805.2,PE
SRR1553541,G3807,PE
SRR1553542,G3807,PE
SRR1553543,G3808,PE
SRR1553544,G3808,PE
SRR1553545,G3809,PE
SRR1553546,G3809,PE
SRR1553547,G3810.1,PE
SRR1553548,G3810.1,PE
SRR1553549,G3810.2,PE
SRR1553550,G3810.2,PE
SRR1553551,G3814,PE
SRR1553552,G3814,PE
SRR1553553,G3816,PE
SRR1553554,G3816,PE
SRR1553555,G3817,PE
SRR1553556,G3817,PE
SRR1553557,G3818,PE
SRR1553558,G3818,PE
SRR1553559,G3819,PE
SRR1553560,G3819,PE
SRR1553561,G3820,PE
SRR1553562,G3820,PE
SRR1553563,G3821,PE
SRR1553564,G3821,PE
SRR1553565,G3822,PE
SRR1553566,G3822,PE
SRR1553567,G3823,PE
SRR1553568,G3823,PE
SRR1553569,G3825.1,PE
SRR1553570,G3825.1,PE
SRR1553571,G3825.2,PE
SRR1553572,G3825.2,PE
SRR1553573,G3826,PE
SRR1553574,G3826,PE
SRR1553575,G3827,PE
SRR1553576,G3827,PE
SRR1553577,G3829,PE
SRR1553578,G3829,PE
SRR1553579,G3831,PE
SRR1553580,G3831,PE
SRR1553581,G3834,PE
SRR1553582,G3834,PE
SRR1553583,G3838,PE
SRR1553584,G3838,PE
SRR1553585,G3840,PE
SRR1553586,G3840,PE
SRR1553587,G3841,PE
SRR1553588,G3841,PE
SRR1553589,G3845,PE
SRR1553590,G3845,PE
SRR1553591,G3846,PE
SRR1553592,G3846,PE
SRR1553593,G3848,PE
SRR1553594,G3848,PE
SRR1553595,G3850,PE
SRR1553596,G3850,PE
SRR1553597,G3851,PE
SRR1553598,G3851,PE
SRR1553599,G3856.1,PE
SRR1553600,G3856.1,PE
SRR1553601,G3856.3,PE
SRR1553602,G3856.3,PE
SRR1553603,G3857,PE
SRR1553604,G3857,PE
SRR1553605,NM042.1,PE
SRR1553606,NM042.1,PE
SRR1553607,NM042.2,PE
SRR1553608,NM042.2,PE
SRR1553609,NM042.3,PE
SRR1553610,NM042.3,PE
SRR1564803,EM-083,PE
SRR1564804,EM-089,PE
SRR1564805,EM-091,PE
SRR1564806,EM-092,PE
SRR1564807,EM-097B,PE
SRR1564808,EM-099,PE
SRR1564809,G3497-1B,PE
SRR1564810,G3666-1B,PE
SRR1564811,G3678-1,PE
SRR1564812,G3684-1B,PE
SRR1564813,G3685-1B,PE
SRR1564814,G3688-1,PE
SRR1564815,G3688-2B,PE
SRR1564816,G3689-1,PE
SRR1564817,G3690-1,PE
SRR1564818,NM-034,PE
SRR1564819,NM-036,PE
SRR1564820,NM-037,PE
SRR1564821,NM-038,PE
SRR1564822,NM-039,PE
SRR1564823,NM-040,PE
SRR1564824,SM-395,PE
SRR1564825,SM-396,PE
SRR1564826,SM-397,PE
SRR1564827,SM-398,PE
SRR1564828,WM-052,PE
SRR1564829,WM-053,PE
SRR1564830,WM-054,PE
SRR1564831,WM-055,PE
SRR1564832,WM-056,PE
SRR1564833,WM-057,PE
SRR1564834,WM-058,PE
SRR1564835,WM-059,PE
SRR1564836,WM-060,PE
SRR1564837,WM-061,PE
SRR1613377,G3676-2,PE
SRR1613378,G3677-1,PE
SRR1613379,G3677-2,PE
SRR1613380,G3682-1,PE
SRR1613381,G3676-2,PE
SRR1613382,G3677-1,PE
SRR1613383,G3677-2,PE
SRR1613384,G3682-1,PE
SRR1734988,G5320.1,PE
SRR1734989,G4971.1,PE
SRR1734990,G3909.1,PE
SRR1734991,G4561.2,PE
SRR1734992,SLBOO0385.0,PE
SRR1734993,G5844.1,PE
SRR1734994,G5301.4,PE
SRR1734995,G3810.4,PE
SRR1734996,G5896.1,PE
SRR1734997,G5502.3,PE
SRR1734998,G5044.1,PE
SRR1734999,G4812.2,PE
SRR1735000,G4555.2,PE
SRR1735001,G5045.2,PE
SRR1735002,G5178.4,PE
SRR1735003,G4748.1,PE
SRR1735004,G4725.1,PE
SRR1735005,G5932.1,PE
SRR1735006,G5749.3,PE
SRR1735007,G4485.2,PE
SRR1735008,G5577.1,PE
SRR1735009,G6068.1,PE
SRR1735010,G3906.1,PE
SRR1735011,G5107.1,PE
SRR1735012,G3855.2,PE
SRR1735013,G3910.1,PE
SRR1735014,G5305.1,PE
SRR1735015,SLBOO0373.0,PE
SRR1735016,G6094.1,PE
SRR1735017,G3884.1,PE
SRR1735018,G5613.1,PE
SRR1735019,G5982.1,PE
SRR1735020,G4496.5,PE
SRR1735021,SLBO0370.0,PE
SRR1735022,G4937.1,PE
SRR1735023,G5898.1,PE
SRR1735024,G5434.2,PE
SRR1735025,G5296.1,PE
SRR1735026,G4724.1,PE
SRR1735027,G3911.1,PE
SRR1735028,G5528.1,PE
SRR1735029,G4994.1,PE
SRR1735030,G5021.1,PE
SRR1735031,G3937.1,PE
SRR1735032,G5012.3,PE
SRR1735033,G3862.2,PE
SRR1735034,G5735.1,PE
SRR1735035,G5114.1,PE
SRR1735036,G4856.1,PE
SRR1735037,G4990.3,PE
SRR1735038,G4717.1,PE
SRR1735039,G5529.1,PE
SRR1735040,G6089.1,PE
SRR1735041,G4683.1,PE
SRR1735042,G4715.3,PE
SRR1735043,G4727.1,PE
SRR1735044,G3893.1,PE
SRR1735045,G4886.1,PE
SRR1735046,G3789.3,PE
SRR1735047,G5985.1,PE
SRR1735048,SLKEN0016.0,PE
SRR1735049,G4753.2,PE
SRR1735050,G3811.2,PE
SRR1735051,G6050.1,PE
SRR1735052,G4225.5,PE
SRR1735053,G5371.1,PE
SRR1735054,G3908.1,PE
SRR1735055,G5627.1,PE
SRR1735056,G5948.1,PE
SRR1735057,G5846.1,PE
SRR1735058,G3845.2,PE
SRR1735059,G5796.1,PE
SRR1735060,G6091.1,PE
SRR1735061,G4858.1,PE
SRR1735062,G5950.1,PE
SRR1735063,SLBOO0368.0,PE
SRR1735064,G4996.1,PE
SRR1735065,G4896.1,PE
SRR1735066,G5988.1,PE
SRR1735067,G5212.1,PE
SRR1735068,MSF380.0,PE
SRR1735069,G5021.4,PE
SRR1735070,G5112.1,PE
SRR1735071,G5640.1,PE
SRR1735072,G5853.1,PE
SRR1735073,G5115.1,PE
SRR1735074,G4983.1,PE
SRR1735075,G6012.1,PE
SRR1735076,G5221.1,PE
SRR1735077,G4946.1,PE
SRR1735078,G5012.2,PE
SRR1735079,G6062.1,PE
SRR1735080,G5064.1,PE
SRR1735081,G3873.2,PE
SRR1735082,G5638.1,PE
SRR1735083,G5619.1,PE
SRR1735084,G5732.2,PE
SRR1735085,G4730.1,PE
SRR1735086,G5502.1,PE
SRR1735087,G5019.1,PE
SRR1735088,G5462.2,PE
SRR1735089,G5908.1,PE
SRR1735090,G4942.1,PE
SRR1735091,G5510.1,PE
SRR1735092,G5236.2,PE
SRR1735093,G3797.2,PE
SRR1735094,G4495.3,PE
SRR1735095,G5687.2,PE
SRR1735096,G4850.1,PE
SRR1735097,SLKEN0008.0,PE
SRR1735098,G5020.1,PE
SRR1735099,G4690.1,PE
SRR1735100,G3901.2,PE
SRR1735101,G5748.2,PE
SRR1735102,G5431.2,PE
SRR1735103,SLBO0366.0,PE
SRR1735104,SLBOO0387.0,PE
SRR1735105,SLKEN0017.0,PE
SRR1735106,G3900.1,PE
SRR1735107,G5644.1,PE
SRR1735108,G5997.1,PE
SRR1735109,SLBO0367.0,PE
SRR1735110,G4726.1,PE
SRR1735111,G4751.1,PE
SRR1735112,G5265.2,PE
SRR1735113,G5117.1,PE
SRR1735114,G3890.1,PE
SRR1735115,G4715.1,PE
SRR1735116,SLBOO0386.0,PE
SRR1735117,G5631.1,PE
SRR1735118,G3907.1,PE
SRR1735119,G5013.1,PE
SRR1735120,G3939.1,PE
SRR1735121,G3915.1,PE
SRR1735122,G5103.1,PE
SRR1735123,G4518.3,PE
SRR1735124,MSF376.0,PE
SRR1735125,G4909.2,PE
SRR1735126,G5568.1,PE
SRR1735127,G5570.1,PE
SRR1735128,G5932.3,PE
SRR1735129,G4697.1,PE
SRR1735130,SLBO0369.0,PE
SRR1735131,G6001.1,PE
SRR1735132,G4789.1,PE
SRR1735133,G4979.2,PE
SRR1735134,G6103.1,PE
SRR1735135,G4969.1,PE
SRR1735136,G4868.1,PE
SRR1735137,G4718.1,PE
SRR1735138,G5590.1,PE
SRR1735139,G3892.1,PE
SRR1735140,G3886.1,PE
SRR1735141,G4931.1,PE
SRR1735142,G5996.1,PE
SRR1735143,G4960.1,PE
SRR1735144,MSF035.0,PE
SRR1735145,G5522.1,PE
SRR1735146,G5375.1,PE
SRR1735147,G4929.2,PE
SRR1735148,G3895.1,PE
SRR1735149,G5894.1,PE
SRR1735150,SLBO0365.0,PE
SRR1735151,G5840.1,PE
SRR1735152,G5059.1,PE
SRR1735153,G5614.1,PE
SRR1735154,G4849.1,PE
SRR1735155,G4875.3,PE
SRR1735156,G6013.1,PE
SRR1735157,G4907.1,PE
SRR1735158,G5735.3,PE
SRR1735159,G5382.2,PE
SRR1735160,G6095.1,PE
SRR1735161,G5935.1,PE
SRR1735162,G4845.3,PE
SRR1735163,G5527.1,PE
SRR1735164,G4698.1,PE
SRR1735165,G5364.1,PE
SRR1735166,G5634.1,PE
SRR1735167,G5643.1,PE
SRR1735168,G5584.1,PE
SRR1735169,G3896.1,PE
SRR1735170,G4702.1,PE
SRR1735171,G5016.1,PE
SRR1735172,G6063.1,PE
SRR1735173,G5999.1,PE
SRR1735174,G5412.2,PE
SRR1735175,G3913.1,PE
SRR1735176,G4704.1,PE
SRR1735177,G5125.1,PE
SRR1735178,G5851.1,PE
SRR1735179,G3940.1,PE
SRR1735180,G6002.1,PE
SRR1735181,G6020.1,PE
SRR1735182,SLBOO0375.0,PE
SRR1735183,SLBO0368.0,PE
SRR1735184,G6014.1,PE
SRR1735185,G4699.1,PE
SRR1735186,G4769.1,PE
SRR1735187,G5533.1,PE
SRR1735188,G4875.2,PE
SRR1735189,G6069.1,PE
SRR1735190,G5980.1,PE
SRR1735191,G3805.3,PE
SRR1735192,G5361.1,PE
SRR1735193,G5867.2,PE
SRR1735194,G3891.1,PE
SRR1735195,G5370.1,PE
SRR1735196,G5615.1,PE
SRR1735197,G3821.2,PE
SRR1735198,G5983.1,PE
SRR1735199,G5650.1,PE
SRR1735200,SLKEN0029.0,PE
SRR1735201,G3814.2,PE
SRR1735202,G5226.3,PE
SRR1735203,G5565.1,PE
SRR1735204,G4700.1,PE
SRR1735205,G5956.1,PE
SRR1735206,G5977.1,PE
SRR1735207,G3936.1,PE
SRR1735208,G4999.1,PE
SRR1735209,G4744.1,PE
SRR1735210,G5112.2,PE
SRR1735211,G5585.1,PE
SRR1735212,G5118.1,PE
SRR1735213,G5998.1,PE
SRR1735214,G4701.1,PE
SRR1735215,G4386.3,PE
SRR1735216,G4929.1,PE
SRR1735217,G4880.2,PE
SRR1735218,G3757.5,PE
SRR1735219,G5008.1,PE
SRR1735220,G4956.2,PE
SRR1735221,G5109.1,PE
SRR1735222,G4861.1,PE
SRR1735223,G4852.1,PE
SRR1735224,G5226.4,PE
SRR1735225,G5649.1,PE
SRR1735226,G4763.2,PE
SRR1735227,G5981.1,PE
SRR1735228,G4733.1,PE
SRR1735229,G4649.1,PE
SRR1735230,G4583.2,PE
SRR1735231,G5992.1,PE
SRR1735232,SLKEN0025.0,PE
SRR1735233,G5796.2,PE
SRR1735234,G6060.1,PE
SRR1735235,G5849.1,PE
SRR1735236,G3851.2,PE
SRR1735237,G4736.1,PE
SRR1735238,G4950.2,PE
SRR1735239,G5617.1,PE
SRR1735240,G3943.1,PE
SRR1735241,G5039.1,PE
SRR1735242,G5223.1,PE
SRR1735243,G3838.2,PE
SRR1735244,G3817.2,PE
SRR1735245,G4955.1,PE
SRR1735246,G3894.1,PE
SRR1735247,G4731.1,PE
SRR1735248,G5639.1,PE
SRR1735249,G5301.3,PE
SRR1735250,G5119.1,PE
SRR1735251,G3889.1,PE
SRR1735252,G5466.2,PE
SRR1735253,G5045.1,PE
SRR1735254,G4750.1,PE
SRR1735255,G4818.3,PE
SRR1735256,SLKEN0009.0,PE
SRR1735257,G6104.1,PE
SRR1735258,G4719.1,PE
SRR1735259,G5897.1,PE
SRR1735260,G4876.2,PE
SRR1735261,G3840.2,PE
SRR1735262,G4956.1,PE
SRR1735263,G3917.1,PE
SRR1735264,G5855.1,PE
SRR1735265,G5684.2,PE
SRR1972602,G3769.5,PE
SRR1972603,G3789.7,PE
SRR1972604,G3794.3,PE
SRR1972605,G3797.3,PE
SRR1972606,G3799.2,PE
SRR1972607,G3808.2,PE
SRR1972608,G3809.2,PE
SRR1972609,G3811.2,PE
SRR1972610,G3821.3,PE
SRR1972611,G3821.5,PE
SRR1972612,G3838.2,PE
SRR1972613,G3845.2,PE
SRR1972614,G3850.2,PE
SRR1972615,G3851.2,PE
SRR1972616,G3851.4,PE
SRR1972617,G3855.2,PE
SRR1972618,G3869.2,PE
SRR1972619,G3875.2,PE
SRR1972620,G3880.3,PE
SRR1972621,G3881.2,PE
SRR1972622,G3881.3,PE
SRR1972623,G3881.6,PE
SRR1972624,G3882.2,PE
SRR1972625,G3882.4,PE
SRR1972626,G3886.1,PE
SRR1972627,G3889.1,PE
SRR1972628,G3889.2,PE
SRR1972629,G3892.2,PE
SRR1972630,G3900.3,PE
SRR1972631,G3906.2,PE
SRR1972632,G3907.2,PE
SRR1972633,G3907.3,PE
SRR1972634,G3907.4,PE
SRR1972635,G3909.2,PE
SRR1972636,G3910.2,PE
SRR1972637,G3910.3,PE
SRR1972638,G3911.4,PE
SRR1972639,G3911.5,PE
SRR1972640,G3913.1,PE
SRR1972641,G3913.3,PE
SRR1972642,G3915.2,PE
SRR1972643,G3917.1,PE
SRR1972644,G3926.2,PE
SRR1972645,G3934.2,PE
SRR1972646,G3935.2,PE
SRR1972647,G3936.2,PE
SRR1972648,G3936.3,PE
SRR1972649,G3938.3,PE
SRR1972650,G3949.1,PE
SRR1972651,G3950.1,PE
SRR1972652,G3951.1,PE
SRR1972653,G3951.2,PE
SRR1972654,G3952.1,PE
SRR1972655,G3952.2,PE
SRR1972656,G3953.1,PE
SRR1972657,G3958.1,PE
SRR1972658,G3958.2,PE
SRR1972659,G3958.3,PE
SRR1972660,G3962.1,PE
SRR1972661,G3962.2,PE
SRR1972662,G3962.3,PE
SRR1972663,G3966.1,PE
SRR1972664,G3972.1,PE
SRR1972665,G3973.3,PE
SRR1972666,G3974.1,PE
SRR1972667,G3984.1,PE
SRR1972668,G3991.2,PE
SRR1972669,G3991.3,PE
SRR1972670,G3997.1,PE
SRR1972671,G3997.2,PE
SRR1972672,G4008.1,PE
SRR1972673,G4008.2,PE
SRR1972674,G4010.1,PE
SRR1972675,G4010.3,PE
SRR1972676,G4011.1,PE
SRR1972677,G4024.2,PE
SRR1972678,G4028.1,PE
SRR1972679,G4028.4,PE
SRR1972680,G4032.2,PE
SRR1972681,G4033.2,PE
SRR1972682,G4033.3,PE
SRR1972683,G4034.2,PE
SRR1972684,G4034.3,PE
SRR1972685,G4073.1,PE
SRR1972686,G4074.1,PE
SRR1972687,G4079.1,PE
SRR1972688,G4086.1,PE
SRR1972689,G4086.2,PE
SRR1972690,G4086.3,PE
SRR1972691,G4088.1,PE
SRR1972692,G4088.2,PE
SRR1972693,G4088.3,PE
SRR1972694,G4088.4,PE
SRR1972695,G4095.2,PE
SRR1972696,G4095.3,PE
SRR1972697,G4096.1,PE
SRR1972698,G4105.1,PE
SRR1972699,G4110.1,PE
SRR1972700,G4110.2,PE
SRR1972701,G4116.1,PE
SRR1972702,G4118.1,PE
SRR1972703,G4121.1,PE
SRR1972704,G4121.2,PE
SRR1972705,G4122.1,PE
SRR1972706,G4124.1,PE
SRR1972707,G4125.1,PE
SRR1972708,G4127.2,PE
SRR1972709,G4131.1,PE
SRR1972710,G4132.1,PE
SRR1972711,G4133.1,PE
SRR1972712,G4135.1,PE
SRR1972713,G4141.1,PE
SRR1972714,G4144.1,PE
SRR1972715,G4146.1,PE
SRR1972716,G4147.1,PE
SRR1972717,G4150.1,PE
SRR1972718,G4151.1,PE
SRR1972719,G4187.1,PE
SRR1972720,G4188.1,PE
SRR1972721,G4190.1,PE
SRR1972722,G4192.1,PE
SRR1972723,G4193.1,PE
SRR1972724,G4200.1,PE
SRR1972725,G4201.1,PE
SRR1972726,G4202.1,PE
SRR1972727,G4204.1,PE
SRR1972728,G4209.1,PE
SRR1972729,G4213.1,PE
SRR1972730,G4216.1,PE
SRR1972731,G4217.1,PE
SRR1972732,G4220.2,PE
SRR1972733,G4221.1,PE
SRR1972734,G4235.1,PE
SRR1972735,G4236.1,PE
SRR1972736,G4238.1,PE
SRR1972737,G4250.1,PE
SRR1972738,G4251.1,PE
SRR1972739,G4252.1,PE
SRR1972740,G4253.1,PE
SRR1972741,G4254.1,PE
SRR1972742,G4255.1,PE
SRR1972743,G4263.1,PE
SRR1972744,G4264.1,PE
SRR1972745,G4286.1,PE
SRR1972746,G4287.1,PE
SRR1972747,G4288.1,PE
SRR1972748,G4295.1,PE
SRR1972749,G4299.1,PE
SRR1972750,G4300.1,PE
SRR1972751,G4301.1,PE
SRR1972752,G4312.1,PE
SRR1972753,G4312.2,PE
SRR1972754,G4316.1,PE
SRR1972755,G4322.1,PE
SRR1972756,G4323.2,PE
SRR1972757,G4324.1,PE
SRR1972758,G4325.1,PE
SRR1972759,G4328.1,PE
SRR1972760,G4329.1,PE
SRR1972761,G4330.1,PE
SRR1972762,G4332.1,PE
SRR1972763,G4333.1,PE
SRR1972764,G4334.1,PE
SRR1972765,G4337.1,PE
SRR1972766,G4338.1,PE
SRR1972767,G4342.1,PE
SRR1972768,G4345.1,PE
SRR1972769,G4346.1,PE
SRR1972770,G4347.1,PE
SRR1972771,G4348.1,PE
SRR1972772,G4350.1,PE
SRR1972773,G4368.2,PE
SRR1972774,G4380.1,PE
SRR1972775,G4382.1,PE
SRR1972776,G4388.1,PE
SRR1972777,G4389.1,PE
SRR1972778,G4406.1,PE
SRR1972779,G4415.1,PE
SRR1972780,G4416.1,PE
SRR1972781,G4419.1,PE
SRR1972782,G4422.1,PE
SRR1972783,G4423.1,PE
SRR1972784,G4424.1,PE
SRR1972785,G4431.1,PE
SRR1972786,G4433.1,PE
SRR1972787,G4437.1,PE
SRR1972788,G4438.1,PE
SRR1972789,G4439.1,PE
SRR1972790,G4440.1,PE
SRR1972791,G4441.1,PE
SRR1972792,G4445.1,PE
SRR1972793,G4450.1,PE
SRR1972794,G4453.1,PE
SRR1972795,G4454.1,PE
SRR1972796,G4455.1,PE
SRR1972797,G4457.1,PE
SRR1972798,G4458.1,PE
SRR1972799,G4465.1,PE
SRR1972800,G4466.1,PE
SRR1972801,G4527.2,PE
SRR1972802,G4683.1,PE
SRR1972803,G4698.1,PE
SRR1972804,G4701.1,PE
SRR1972805,G4702.1,PE
SRR1972806,G4717.1,PE
SRR1972807,G4719.1,PE
SRR1972808,G4725.1,PE
SRR1972809,G4730.1,PE
SRR1972810,G4736.1,PE
SRR1972811,G4748.1,PE
SRR1972812,G4751.1,PE
SRR1972813,G4837.1,PE
SRR1972814,G4849.3,PE
SRR1972815,G4849.4,PE
SRR1972816,G4856.1,PE
SRR1972817,G4861.1,PE
SRR1972818,G4868.1,PE
SRR1972819,G4886.1,PE
SRR1972820,G4907.1,PE
SRR1972821,G4937.1,PE
SRR1972822,G4942.1,PE
SRR1972823,G4946.1,PE
SRR1972824,G4955.1,PE
SRR1972825,G4956.1,PE
SRR1972826,G4960.1,PE
SRR1972827,G4971.1,PE
SRR1972828,G4972.1,PE
SRR1972829,G4973.1,PE
SRR1972830,G4979.1,PE
SRR1972831,G4981.1,PE
SRR1972832,G4982.1,PE
SRR1972833,G4994.1,PE
SRR1972834,G4996.1,PE
SRR1972835,G4999.1,PE
SRR1972836,G5012.3,PE
SRR1972837,G5016.1,PE
SRR1972838,G5019.1,PE
SRR1972839,G5021.5,PE
SRR1972840,G5021.7,PE
SRR1972841,G5039.1,PE
SRR1972842,G5059.1,PE
SRR1972843,G5064.1,PE
SRR1972844,G5112.1,PE
SRR1972845,G5114.1,PE
SRR1972846,G5119.1,PE
SRR1972847,G5134.5,PE
SRR1972848,G5231.2,PE
SRR1972849,G5237.1,PE
SRR1972850,G5238.1,PE
SRR1972851,G5242.1,PE
SRR1972852,G5244.1,PE
SRR1972853,G5261.1,PE
SRR1972854,G5289.1,PE
SRR1972855,G5295.1,PE
SRR1972856,G5296.1,PE
SRR1972857,G5304.1,PE
SRR1972858,G5305.1,PE
SRR1972859,G5361.1,PE
SRR1972860,G5364.1,PE
SRR1972861,G5370.1,PE
SRR1972862,G5370.2,PE
SRR1972863,G5371.1,PE
SRR1972864,G5375.1,PE
SRR1972865,G5380.3,PE
SRR1972866,G5382.3,PE
SRR1972867,G5384.2,PE
SRR1972868,G5384.3,PE
SRR1972869,G5386.2,PE
SRR1972870,G5387.2,PE
SRR1972871,G5387.3,PE
SRR1972872,G5435.2,PE
SRR1972873,G5466.3,PE
SRR1972874,G5468.2,PE
SRR1972875,G5468.3,PE
SRR1972876,G5487.2,PE
SRR1972877,G5500.2,PE
SRR1972878,G5502.4,PE
SRR1972879,G5516.1,PE
SRR1972880,G5520.1,PE
SRR1972881,G5527.2,PE
SRR1972882,G5529.1,PE
SRR1972883,G5532.1,PE
SRR1972884,G5566.1,PE
SRR1972885,G5568.2,PE
SRR1972886,G5570.1,PE
SRR1972887,G5571.1,PE
SRR1972888,G5577.2,PE
SRR1972889,G5579.1,PE
SRR1972890,G5585.2,PE
SRR1972891,G5603.1,PE
SRR1972892,G5613.2,PE
SRR1972893,G5614.2,PE
SRR1972894,G5614.3,PE
SRR1972895,G5615.2,PE
SRR1972896,G5617.1,PE
SRR1972897,G5620.1,PE
SRR1972898,G5621.1,PE
SRR1972899,G5630.2,PE
SRR1972900,G5640.1,PE
SRR1972901,G5644.1,PE
SRR1972902,G5647.1,PE
SRR1972903,G5659.1,PE
SRR1972904,G5661.1,PE
SRR1972905,G5675.1,PE
SRR1972906,G5684.1,PE
SRR1972907,G5685.1,PE
SRR1972908,G5686.1,PE
SRR1972909,G5687.1,PE
SRR1972910,G5689.1,PE
SRR1972911,G5690.1,PE
SRR1972912,G5691.1,PE
SRR1972913,G5693.1,PE
SRR1972914,G5693.2,PE
SRR1972915,G5699.1,PE
SRR1972916,G5700.2,PE
SRR1972917,G5723.1,PE
SRR1972918,G5731.1,PE
SRR1972919,G5732.1,PE
SRR1972920,G5735.2,PE
SRR1972921,G5737.1,PE
SRR1972922,G5738.1,PE
SRR1972923,G5739.2,PE
SRR1972924,G5740.1,PE
SRR1972925,G5743.1,PE
SRR1972926,G5748.1,PE
SRR1972927,G5749.1,PE
SRR1972928,G5756.1,PE
SRR1972929,G5759.1,PE
SRR1972930,G5760.1,PE
SRR1972931,G5762.1,PE
SRR1972932,G5763.1,PE
SRR1972933,G5764.1,PE
SRR1972934,G5765.1,PE
SRR1972935,G5767.1,PE
SRR1972936,G5768.1,PE
SRR1972937,G5785.1,PE
SRR1972938,G5786.1,PE
SRR1972939,G5787.1,PE
SRR1972940,G5787.2,PE
SRR1972941,G5788.1,PE
SRR1972942,G5790.1,PE
SRR1972943,G5796.1,PE
SRR1972944,G5797.1,PE
SRR1972945,G5816.1,PE
SRR1972946,G5817.1,PE
SRR1972947,G5821.1,PE
SRR1972948,G5844.1,PE
SRR1972949,G5853.1,PE
SRR1972950,G5868.1,PE
SRR1972951,G5879.1,PE
SRR1972952,G5880.1,PE
SRR1972953,G5881.1,PE
SRR1972954,G5897.1,PE
SRR1972955,G5898.1,PE
SRR1972956,G5982.1,PE
SRR1972957,G5983.1,PE
SRR1972958,G5985.1,PE
SRR1972959,G5986.1,PE
SRR1972960,G5988.1,PE
SRR1972961,G5996.1,PE
SRR1972962,G5997.1,PE
SRR1972963,G5998.1,PE
SRR1972964,G6012.1,PE
SRR1972965,G6020.1,PE
SRR1972966,G6060.1,PE
SRR1972967,G6062.1,PE
SRR1972968,G6069.1,PE
SRR1972969,G6089.1,PE
SRR1972970,G6091.1,PE
SRR1972971,G6095.1,PE
SRR1972972,G6103.1,PE
SRR1972973,G6104.1,PE
SRR1972974,W218.0,PE
SRR1972975,W219.0,PE
SRR1972976,W220.0,PE
